{
  "id": "chronicle-keeper",
  "title": "Chronicle Keeper - AI Dungeon Master",
  "description": "An AI-powered Dungeon Master using Ollama for local LLM hosting, featuring robust memory management for long-term campaign continuity.",
  "version": "2.0.0",
  "compatibility": {
    "minimum": "11",
    "verified": "13"
  },
  "authors": [
    {
      "name": "Chronicle Keeper Team",
      "url": "https://github.com/The-RavenKing/Chronicle-Keeper"
    }
  ],
  "relationships": {
    "systems": [
      {
        "id": "dnd5e",
        "type": "system",
        "compatibility": {
          "minimum": "3.0.0"
        }
      }
    ]
  },
  "esmodules": [
    "scripts/main.js"
  ],
  "styles": [
    "styles/chronicle-keeper.css"
  ],
  "languages": [
    {
      "lang": "en",
      "name": "English",
      "path": "lang/en.json"
    }
  ],
  "socket": true,
  "url": "https://github.com/The-RavenKing/Chronicle-Keeper",
  "manifest": "https://github.com/The-RavenKing/Chronicle-Keeper/releases/latest/download/module.json",
  "download": "https://github.com/The-RavenKing/Chronicle-Keeper/releases/latest/download/module.zip",
  "license": "MIT",
  "readme": "README.md",
  "bugs": "https://github.com/The-RavenKing/Chronicle-Keeper/issues",
  "changelog": "https://github.com/The-RavenKing/Chronicle-Keeper/blob/main/CHANGELOG.md",
  "flags": {
    "chronicle-keeper": {
      "memory": {},
      "entities": {},
      "sessions": []
    }
  }
}